-313.85636	2128.06982
-313.10987	2178.32536
-312.36534	2154.89213
-311.6145	2223.62341
-310.8456	2182.56509
-310.09561	2199.00027
-309.34438	2259.71957
-308.60599	2124.9098
-307.86312	2147.48835
-307.12501	2115.60098
-306.38118	2131.46441
-305.63901	2172.78007
-304.89154	2198.62943
-304.1439	2178.46478
-303.40242	2153.75835
-302.65715	2137.24277
-301.90668	2142.38596
-301.16304	2245.37746
-300.40731	2219.85232
-299.67167	2156.3816
-298.92185	2209.79313
-298.18693	2148.3987
-297.43168	2030.71875
-296.68697	2202.21809
-295.93485	2200.43365
-295.20066	2092.25348
-294.46336	2150.0293
-293.68434	2228.06618
-292.92771	2156.09705
-292.17959	2180.47184
-291.42624	2132.99719
-290.6531	2145.92856
-289.90761	2168.40343
-289.14074	2141.8758
-288.38737	2169.08148
-287.62628	2095.39198
-286.87351	2185.43735
-286.11364	2087.80634
-285.35779	2208.40142
-284.59764	2112.78863
-283.8494	2151.22563
-283.0915	2122.37545
-282.35231	2198.93224
-281.60682	2136.6541
-280.85079	2113.65239
-280.10967	2054.32297
-279.35742	2126.11289
-278.60343	2223.3036
-277.85219	2220.16807
-277.08282	2233.24363
-276.33048	2152.63195
-275.56058	2260.10099
-274.80933	2187.92039
-274.03296	2074.12407
-273.28324	2172.13435
-272.53234	2072.56605
-271.79038	2229.5695
-271.04585	2049.74277
-270.29211	2191.08176
-269.53113	2125.56014
-268.79262	2196.33501
-268.04603	2174.4949
-267.29725	2059.69497
-266.55139	2320.48176
-265.80426	2162.18402
-265.05876	2196.11986
-264.30467	2179.55362
-263.56377	2119.76993
-262.80681	2126.2071
-262.06819	2122.7222
-261.32767	2229.21141
-260.5763	2133.11631
-259.83618	2177.66385
-259.09045	2102.06577
-258.33919	2140.36923
-257.59131	2154.58125
-256.84494	2249.95822
-256.08923	2240.54232
-255.34886	2256.68166
-254.60038	2190.46743
-253.85749	2248.98701
-253.10634	2210.84963
-252.36159	2164.05235
-251.60723	2103.25403
-250.86589	2068.08619
-250.11373	2165.97948
-249.37589	2294.28581
-248.63877	2146.47426
-247.89274	2198.09769
-247.17245	2213.06501
-246.44811	2183.05047
-245.70542	2189.13384
-244.95478	2132.09601
-244.21215	2155.70986
-243.46003	2159.10561
-242.71553	2142.94028
-241.96154	2107.06084
-241.21192	2114.23137
-240.4647	2224.26425
-239.72357	2201.56324
-238.97246	2241.79404
-238.21196	2175.50066
-237.46007	2116.49768
-236.71335	2205.96579
-235.96186	2168.07636
-235.21661	2125.11381
-234.46746	2074.83255
-233.69347	2162.92844
-232.93772	2111.97536
-232.15963	2248.84253
-231.40465	2129.43275
-230.63602	2053.51801
-229.89217	2209.26066
-229.15949	2165.61931
-228.41037	2206.79665
-227.66177	2035.35895
-226.92526	2043.97865
-226.1779	2084.99028
-225.42802	2205.74253
-224.67614	2127.07198
-223.93078	2085.5648
-223.17509	2069.1971
-222.43776	2179.69766
-221.68366	2108.42347
-220.94195	2200.77333
-220.19093	2234.43234
-219.45331	2095.84043
-218.70093	2181.88411
-217.95993	2166.87179
-217.20735	2246.67668
-216.4621	2201.05829
-215.71108	2159.92658
-214.96774	2128.64427
-214.21537	2108.90888
-213.4655	2163.99997
-212.71273	2202.04889
-211.9661	2073.41
-211.21338	2179.72919
-210.47673	2264.68453
-209.73712	2059.80707
-208.99053	2206.08983
-208.239	2151.06325
-207.4935	2146.75849
-206.74201	2002.2318
-205.99468	2134.14668
-205.2569	2184.99928
-204.51379	2189.34729
-203.76291	2169.56608
-203.01768	2123.31858
-202.26967	2238.22006
-201.52145	2106.90803
-200.77692	2141.65029
-200.02797	2188.19798
-199.28459	2099.24049
-198.53381	2146.92967
-197.79432	2212.26286
-197.04272	2183.6022
-196.29598	2194.92499
-195.54438	2217.58976
-194.79772	2208.84648
-194.04559	2186.67385
-193.29122	2217.58836
-192.53988	2044.08481
-191.76839	2135.70083
-191.01636	2238.74217
-190.26327	2134.79809
-189.51087	2147.66224
-188.74888	2109.27592
-187.99491	2083.73572
-187.22004	2168.09495
-186.46817	2154.49919
-185.71404	2210.26593
-184.96165	2180.53894
-184.17815	2110.84454
-183.42078	2167.49948
-182.67332	2145.46876
-181.92156	2176.9578
-181.17333	2099.91218
-180.41993	2182.62251
-179.66206	2109.24104
-178.90942	2015.92695
-178.14085	2229.84549
-177.3887	2184.0496
-176.63073	2222.30239
-175.8812	2096.28312
-175.11396	2140.40614
-174.36122	2132.79091
-173.59938	2109.97128
-172.84635	2165.09839
-172.08964	2286.22188
-171.33661	2110.74177
-170.57862	2132.38861
-169.83225	2108.518
-169.05213	2198.00153
-168.30313	2059.04589
-167.52078	2176.0218
-166.77076	2138.83297
-166.02804	2232.12231
-165.29052	2138.81727
-164.54368	2272.25345
-163.79116	2123.47974
-163.04932	2191.78615
-162.29729	2138.92159
-161.54504	2133.39039
-160.79305	2100.84568
-160.0472	2095.57807
-159.30594	2125.85649
-158.55958	2187.22454
-157.81395	2188.57543
-157.06237	2239.89104
-156.3201	2229.56071
-155.56721	2170.63846
-154.82112	2084.76715
-154.0766	2015.63084
-153.3395	2127.39368
-152.60513	2174.32181
-151.85751	2119.98112
-151.12236	2155.06651
-150.38565	2121.78592
-149.62802	2146.2642
-148.89715	2042.31355
-148.15865	2392.80417
-147.4347	2106.9382
-146.68029	2093.99366
-145.92528	2120.81902
-145.17781	2104.70688
-144.42868	2259.7328
-143.67504	2267.01619
-142.92269	2087.55199
-142.16754	2113.02612
-141.41605	2131.79213
-140.6787	2091.53775
-139.92806	2271.3228
-139.19244	2296.70252
-138.44732	2098.75128
-137.70007	2253.16806
-136.9492	2207.79326
-136.19886	2195.4641
-135.44724	2102.01091
-134.70472	2150.60367
-133.95347	2262.67067
-133.20447	2087.96366
-132.44898	2108.38537
-131.70161	2101.65045
-130.94764	2084.51671
-130.1994	2081.53198
-129.44563	2084.33105
-128.694	2101.48278
-127.93639	2104.16479
-127.18454	2202.07075
-126.43052	2188.64642
-125.67702	2076.55476
-124.92141	2154.57812
-124.1694	2212.74572
-123.41469	2198.0811
-122.66094	2258.61533
-121.91005	2193.57725
-121.15906	2241.06987
-120.41708	2213.29312
-119.66759	2195.43153
-118.92782	2160.69466
-118.17397	2195.13586
-117.42448	2192.14844
-116.67169	2156.23087
-115.92358	2192.9049
-115.17099	2138.66278
-114.42137	2188.8288
-113.66763	2115.49018
-112.92051	2149.34722
-112.16661	2239.00256
-111.41387	2206.00329
-110.6614	2195.01373
-109.91114	2139.92827
-109.15825	2231.15032
-108.40792	2132.83349
-107.65679	2116.32289
-106.91854	2277.86049
-106.16665	2240.19638
-105.41465	2128.64652
-104.67828	2172.97659
-103.93324	2076.23842
-103.1812	2127.10224
-102.42742	2226.95637
-101.67442	2059.60559
-100.92133	2100.73383
-100.18394	2127.56404
-99.43272	2217.70649
-98.69035	2285.36058
-97.93545	2029.08987
-97.18533	2320.10909
-96.43074	2155.17372
-95.68172	2176.77427
-94.93337	2202.6332
-94.18837	2187.19302
-93.46003	2199.23247
-92.74502	2130.27809
-92.02928	2188.67332
-91.31529	2202.22339
-90.58627	2244.67546
-89.84315	2133.01137
-89.1025	2111.84792
-88.35001	2111.79247
-87.60802	2246.29073
-86.85292	2044.22395
-86.10737	2225.13815
-85.35391	2345.78861
-84.60528	2178.20314
-83.85604	2252.74444
-83.10629	2103.86879
-82.35167	2209.86517
-81.60969	2086.96776
-80.86718	2179.19553
-80.12222	2143.77853
-79.36885	2158.95425
-78.61685	2284.66709
-77.8622	2125.27582
-77.11161	2149.39731
-76.36649	2173.69638
-75.61646	2165.76632
-74.87525	2256.6456
-74.12298	2151.19977
-73.37863	2211.26038
-72.62676	2151.97634
-71.87949	2272.25807
-71.12637	2257.37713
-70.37337	2162.32988
-69.62151	2151.36575
-68.87176	2238.02169
-68.11839	2074.00103
-67.37216	2128.15671
-66.6234	2271.64554
-65.8733	2188.05726
-65.12631	2116.09705
-64.37756	2227.83637
-63.64195	2114.47562
-62.89258	2221.13156
-62.1478	2135.25725
-61.39318	2120.51558
-60.64819	2318.52707
-59.90146	2137.75209
-59.16472	2301.6388
-58.41198	2293.20175
-57.66508	2256.06848
-56.91145	2211.71094
-56.16609	2134.21623
-55.41	2113.0183
-54.66286	2178.28793
-53.91748	2169.18434
-53.15473	2151.94693
-52.40149	2248.36365
-51.63362	2157.59686
-50.87552	2165.94282
-50.12813	2159.06478
-49.37329	2221.39054
-48.62467	2229.37823
-47.87414	2264.10607
-47.12402	2126.41222
-46.3694	2139.51896
-45.61694	2092.25021
-44.88091	2155.15073
-44.12967	2149.6296
-43.37629	2209.57807
-42.62769	2223.73373
-41.8752	2193.92788
-41.12633	2166.73007
-40.38907	2297.85432
-39.63857	2108.40296
-38.89148	2235.67171
-38.13832	2182.11345
-37.39273	2137.75194
-36.63596	2182.49367
-35.88748	2144.9845
-35.13661	2153.74391
-34.39098	2177.3811
-33.63887	2172.18657
-32.89949	2148.43165
-32.15165	2181.99587
-31.40415	2145.16502
-30.64988	2181.54014
-29.89778	2211.30634
-29.15051	2166.16464
-28.40504	2222.68896
-27.65065	2142.86474
-26.90193	2149.27382
-26.14865	2184.79737
-25.35391	2118.22502
-24.60254	2274.92122
-23.85329	2156.09091
-23.10817	2104.34627
-22.36421	2207.70736
-21.6113	2091.34611
-20.86556	2176.24659
-20.11357	2153.99214
-19.3651	2095.34779
-18.6087	2224.42544
-17.86173	2137.22433
-17.10921	2139.59656
-16.36049	2132.478
-15.60635	2171.79205
-14.86238	2266.40392
-14.11148	2331.05817
-13.3639	2255.93713
-12.62461	2266.0555
-11.87324	2252.46506
-11.13815	2300.53837
-10.386	2147.54594
-9.64713	2199.98866
-8.89469	2180.25505
-8.15314	2299.16627
-7.40115	2149.87394
-6.65953	2188.80548
-5.90505	2248.35212
-5.16044	2241.6254
-4.40954	2237.19787
-3.66105	2184.0208
-2.90691	2158.86933
-2.16106	2243.19164
-1.41146	2209.88614
-0.67235	2170.38833
0.08043	2165.44997
0.81705	2345.26577
1.55542	2045.08647
2.30015	2123.58842
3.04791	2221.70955
3.79452	2211.87236
4.52887	2301.77925
5.27838	2155.34996
6.02174	2153.29043
6.77289	2194.49413
7.5206	2233.26105
8.27123	2230.38311
9.01237	2178.10479
9.76374	2158.7027
10.50449	2166.37042
11.25836	2267.7712
12.02486	2235.18727
12.78172	2244.42803
13.52747	2255.35953
14.26321	2225.8333
14.99545	2129.97161
15.73433	2202.32777
16.48555	2201.62403
17.23742	2240.57503
17.98042	2213.36493
18.71916	2187.70847
19.47403	2164.29456
20.2189	2107.95654
20.97105	2192.01388
21.71879	2176.35113
22.46991	2152.7507
23.21753	2225.66201
23.9694	2152.02359
24.72118	2188.40085
25.4725	2296.43488
26.21939	2285.57754
26.9721	2191.16749
27.71311	2206.25792
28.453	2247.7417
29.20036	2108.3956
29.94049	2283.65975
30.68548	2146.36967
31.47695	2247.24855
32.22266	2277.28514
32.96182	2168.74099
33.71045	2160.53672
34.46234	2332.19958
35.21934	2283.60231
35.96805	2274.23594
36.71758	2327.28321
37.46329	2257.75412
38.21642	2124.23215
38.96203	2199.94709
39.70341	2225.93084
40.4419	2080.35415
41.18314	2062.05046
41.91602	2162.00495
42.65438	2196.18852
43.38991	2190.17365
44.12034	2214.3169
44.85044	2188.68233
45.58564	2023.23402
46.32514	2027.81991
47.06751	2143.7674
47.86551	2205.42903
48.58906	2017.28306
49.31649	2097.33474
50.05821	2106.77007
50.81108	2119.78608
51.56198	2100.34994
52.30308	2136.58978
53.07269	1879.77601
53.81296	1946.56429
54.56981	2030.89701
55.30696	2019.54337
56.04443	1948.1993
56.79482	1778.41451
57.54092	1964.63662
58.27819	1856.83159
59.02594	1825.12781
59.76505	1856.50923
60.51025	1850.27318
61.24429	1762.5744
61.98115	1743.24763
62.71676	1563.856
63.46215	1817.68466
64.19791	1736.36752
64.94101	1774.3537
65.68452	1708.44672
66.43749	1536.37941
67.17972	1701.90913
67.92597	1702.83107
68.668	1612.18914
69.41683	1543.23519
70.15949	1647.04235
70.91346	1468.22405
71.65968	1685.80808
72.39282	1488.53687
73.14035	1524.49241
73.8823	1565.95538
74.62333	1417.13171
75.36233	1507.22372
76.10358	1525.85531
76.86966	1418.36081
77.61706	1370.73828
78.36067	1459.00975
79.09703	1385.37675
79.84091	1488.8752
80.57792	1446.49936
81.3199	1204.15746
82.06313	1344.2691
82.81253	1435.52543
83.558	1355.346
84.30823	1332.7229
85.04561	1267.03933
85.79727	1174.16148
86.54314	1335.97095
87.29235	1355.91043
88.04122	1294.9903
88.78262	1324.34633
89.52046	1296.55984
90.27346	1152.43075
91.00911	1043.12988
91.72805	1256.22856
92.45333	1172.05535
93.25494	1299.13385
93.99631	1275.88537
94.74246	1318.35109
95.48739	1017.95423
96.22445	1149.32914
96.96043	1093.50062
97.69516	1071.96339
98.4428	1149.67097
99.18743	1055.28983
99.93338	1136.6924
100.67379	1135.62853
101.42767	1195.89282
102.16813	1067.16134
102.91053	1092.96465
103.65965	1229.17569
104.41261	1107.8655
105.15263	1092.17041
105.90048	1071.94781
106.64523	1177.66921
107.39037	1144.48897
108.13209	960.01624
108.86987	1165.72861
109.6091	1019.68263
110.34533	946.1322
111.09292	957.75593
111.82897	984.24092
112.57207	936.98523
113.31684	1037.41175
114.0608	936.20625
114.80167	876.23142
115.54232	951.44947
116.28255	987.8703
117.02744	1047.68502
117.77303	1033.83902
118.51524	1109.543
119.24718	991.45702
119.98479	1094.485
120.73089	1030.97378
121.48241	1022.90097
122.22204	946.2709
122.96575	902.42169
123.71777	999.88737
124.46562	1003.05502
125.20601	946.7365
125.94313	1004.49055
126.68548	866.60944
127.43034	777.10825
128.17922	797.91326
128.91934	721.54524
129.66559	907.60234
130.40435	868.93503
131.1596	831.65263
131.90107	928.07051
132.64256	780.30345
133.38594	796.66306
134.13008	940.12481
134.87233	949.0086
135.61482	989.62232
136.35952	778.15455
137.10053	888.83114
137.85225	829.64078
138.58868	1054.73952
139.33205	923.8216
140.07427	674.54329
140.81601	825.08709
141.56166	1012.52561
142.30503	916.79455
143.06327	890.5868
143.80426	854.51297
144.54564	868.7285
145.29063	829.82359
146.03724	889.37683
146.7875	818.38573
147.53558	724.25549
148.32433	860.19588
149.01643	805.15286
149.7587	737.81558
150.50258	756.19182
151.24819	723.49202
151.99296	822.90067
152.73919	676.44385
153.49269	743.2237
154.23117	823.86367
154.98317	642.43022
155.74092	593.75024
156.48316	768.38237
157.24103	685.89885
157.98393	710.68352
158.73805	696.59946
159.48829	819.91219
160.2253	728.66974
160.96401	808.37869
161.70303	730.1075
162.4544	829.76023
163.19798	707.68124
163.94874	577.67561
164.68832	838.87517
165.42435	713.68179
166.17686	817.55885
166.92172	669.4322
167.66711	898.82659
168.40846	788.99743
169.15183	819.28073
169.89857	728.66575
170.64073	805.9339
171.4626	806.53441
172.2156	571.78269
172.95681	747.77424
173.70019	671.57756
174.44855	612.43691
175.19319	676.78676
175.93582	767.41119
176.67744	627.07075
177.42128	647.62649
178.17415	719.68746
178.91617	659.17736
179.67767	719.80297
180.44841	678.21438
181.20575	638.46586
181.94875	793.26627
182.69777	746.06209
183.45086	752.86069
184.21114	585.55482
184.95588	723.97021
185.71375	536.14448
186.46513	667.73882
187.21922	519.83106
187.98246	690.07503
188.73311	719.14076
189.49798	710.0652
190.25023	684.59099
191.0207	512.86714
191.77521	668.14901
192.56881	705.67583
193.31806	639.79642
194.08983	561.32242
194.85067	534.89144
195.60716	603.13172
196.35884	666.09965
197.1109	605.46284
197.8614	650.27771
198.61252	674.21369
199.36354	617.81335
200.11552	741.86082
200.87001	477.69101
201.64212	576.71897
202.39515	634.06818
203.15402	595.03553
203.91264	605.74339
204.68226	685.57896
205.43885	644.817
206.19588	678.39275
206.94984	681.00576
207.72614	685.17559
208.48099	667.59952
209.23307	628.34328
209.98826	465.60386
210.76397	541.11841
211.52019	709.12697
212.26921	592.67401
213.02171	583.93826
213.78042	735.96548
214.53496	663.1684
215.29194	652.48287
216.05419	452.026
216.80606	704.09659
217.5574	557.4655
218.30802	367.75087
219.05864	633.20693
219.81038	562.20903
220.57191	550.76892
221.32816	504.94744
222.08865	509.63662
222.84462	549.61402
223.59539	710.3308
224.34636	550.13652
225.09788	581.09685
225.84338	599.09729
226.59534	552.87657
227.33596	639.85688
228.09196	492.21936
228.83821	548.65121
229.58848	524.74584
230.32235	486.44328
231.06897	732.58531
231.80856	558.87426
232.56321	512.0172
233.31421	581.33669
234.07382	454.42261
234.80942	594.66874
235.56118	580.2489
236.30939	479.88662
237.04931	605.73579
237.79787	488.30477
238.5368	581.48195
239.29204	625.92935
240.03629	400.21301
240.78653	620.9592
241.53965	477.06032
242.30412	581.63869
243.05787	595.80816
243.80014	410.94745
244.55486	577.22463
245.3095	635.23844
246.05937	474.26694
246.81412	514.42188
247.56346	515.28974
248.31248	526.11669
249.06773	317.79095
249.82007	542.68395
250.57232	594.43207
251.33609	404.68876
252.09533	552.15743
252.8527	448.64842
253.64967	544.43298
254.40417	587.40607
255.15654	549.03961
255.90918	385.702
256.69268	431.40855
257.4538	549.84631
258.20777	496.45026
258.96192	540.16109
259.71288	540.46926
260.46725	468.52345
261.24165	588.81095
262.00365	539.5603
262.75536	521.20953
263.51826	548.01309
264.27223	543.58102
265.02489	554.65112
265.77472	535.88185
266.52799	520.03259
267.29821	597.97254
268.05858	640.82498
268.81295	619.80682
269.57297	535.1082
270.32847	457.07463
271.08459	662.2225
271.83571	605.2567
272.59608	678.76649
273.36383	452.36755
274.11592	525.93846
274.86494	357.67238
275.62019	582.68137
276.38018	483.48387
277.13405	485.8525
277.92842	428.63964
278.69064	594.50296
279.44654	494.82368
280.20828	406.878
280.9594	450.91123
281.71977	516.94267
282.47637	449.78882
283.23414	485.96249
283.99701	429.33122
284.75624	537.921
285.50472	494.4613
286.26236	474.94752
287.01412	453.35817
287.76508	590.20066
288.5351	464.99423
289.29323	550.43159
290.04359	429.93713
290.79959	463.90793
291.5598	491.52903
292.32318	515.02971
293.06956	453.20754
293.82245	595.5437
294.57179	561.48837
295.32398	440.12914
296.07228	447.86588
296.82943	383.86409
297.58255	421.21468
298.33616	504.83694
299.08054	421.94776
299.83413	506.13241
300.57788	409.64648
301.33763	521.65803
302.0844	457.11499
302.84589	593.00717
303.59623	377.6629
304.35173	428.32534
305.09948	471.67498
305.85747	425.8798
306.61445	518.61097
307.35871	401.84691
308.10796	516.44816
308.85482	330.29792
309.60253	458.79098
310.35382	545.43784
311.11718	494.842
311.87021	529.41089
312.61858	478.69839
313.36617	410.00079
314.11902	491.4017
314.87429	453.0985
315.6278	464.47829
316.3754	397.53932
317.13081	455.1263
317.87732	467.57913
318.64136	446.86569
319.38501	608.83625
320.136	532.33246
320.89165	428.34292
321.64289	371.71242
322.39349	416.74865
323.14511	548.12578
323.89585	292.93561
324.652	360.51069
325.41035	342.53946
326.17174	321.5186
326.93546	480.84038
327.69286	246.18627
328.44389	351.72848
329.1966	454.7774
329.95457	449.73488
330.71509	448.57173
331.48869	631.75968
332.24293	457.40179
332.99357	342.50422
333.74917	358.2992
334.49907	343.27497
335.25356	556.15582
336.03705	439.15625
336.79742	514.19613
337.55027	450.61289
338.30101	403.64122
339.05453	418.161
339.80365	469.26917
340.5599	253.70013
341.31164	412.41928
342.06002	422.034
342.81	475.43408
343.55788	359.25397
344.31275	427.39711
345.06723	411.79679
345.81196	487.42511
346.55811	423.01614
347.30395	558.62097
348.05221	356.2088
348.79632	438.77988
349.55005	413.49067
350.29746	387.56197
351.0546	403.22533
351.7982	384.12253
352.55445	340.47686
353.30419	456.20947
354.0557	395.27663
354.80393	426.96263
355.56425	486.7404
356.3104	318.43903
357.0599	354.22153
357.81079	255.06179
358.56779	506.70192
359.31288	338.37082
360.063	312.02261
360.81924	484.65413
361.57064	348.09083
362.33276	390.56444
363.08488	394.05155
363.8396	561.64716
364.60162	492.00459
365.35662	441.8246
366.11799	538.94507
366.87936	373.07371
367.64473	360.00589
368.39545	276.65261
369.15707	456.80646
369.90681	365.33229
370.65771	398.77187
371.40734	385.46826
372.16945	424.41519
372.92967	499.78153
373.68079	379.49612
374.43191	382.63578
375.18368	377.50874
375.93252	384.05132
376.6919	383.83567
377.43489	354.52856
378.18191	497.59317
378.92701	351.41691
379.68576	297.40028
380.44015	458.69126
381.19627	335.59444
381.93775	363.79115
382.68576	343.42948
383.4461	362.99545
384.20112	320.80182
384.94997	362.21786
385.70036	257.48915
386.44788	290.33667
387.19911	400.56715
387.9471	487.18386
388.69859	418.14257
389.4553	473.02218
390.20371	441.466
390.95456	464.93264
391.70058	282.28615
392.45108	378.65866
393.20181	302.83599
393.96177	329.69623
394.71143	505.72383
395.47493	300.88955
396.22339	300.14129
396.9746	293.72699
397.73004	274.05137
398.48397	272.37672
399.23556	311.1073
399.99575	334.23335
400.74987	425.51835
401.5105	532.46655
402.25576	272.83511
403.01451	435.711
403.76425	397.74518
404.51618	348.92035
405.26096	382.22645
406.01146	543.83721
406.76095	276.80002
407.51685	161.27746
408.27497	353.20122
409.02506	366.68343
409.77596	378.44864
410.53806	404.5868
411.29533	307.00354
412.04532	263.59869
412.79329	539.42255
413.54994	261.3443
414.30003	461.76296
415.0553	275.54586
415.80714	362.28772
416.56104	245.22674
417.34467	241.13693
418.10639	254.54816
418.8585	157.7495
419.6139	302.34134
420.365	558.74769
421.11989	354.35925
421.86889	270.9638
422.63148	294.64583
423.3816	377.5217
424.13662	413.53216
424.88575	262.88424
425.63261	336.11584
426.38171	418.73412
427.13278	445.63567
427.88221	375.56927
428.63034	290.95803
429.38181	348.38754
430.13008	447.8744
430.87633	378.04045
431.62632	156.9833
432.37775	324.55798
433.12404	422.91489
433.88148	316.37661
434.6308	390.77409
435.38554	303.12029
436.13045	341.02936
436.88539	321.02155
437.64176	322.26081
438.39725	315.41752
439.14913	279.71245
439.91165	463.70206
440.66463	303.39328
441.42398	308.24474
442.17501	366.54213
442.93035	237.24027
443.71275	244.66643
444.47599	309.47816
445.22749	356.08908
445.98136	456.32397
446.7397	179.81345
447.49323	359.75119
448.24496	224.08174
449.00322	404.46658
449.75071	313.38257
450.50455	400.55721
451.25921	362.33635
452.01744	300.20427
452.76519	337.83953
453.52994	353.95608
454.27978	355.62257
455.0419	285.37437
455.79792	283.32511
456.55414	387.67579
457.30226	514.39973
458.05366	264.2707
458.80503	245.28589
459.56613	259.2208
460.29696	268.84868
461.04461	369.89081
461.79051	247.51603
462.55188	335.60833
463.30276	254.67166
464.05971	401.70887
464.80711	259.77881
465.5602	303.13088
466.30373	335.61726
467.05348	429.34826
467.7981	238.46996
468.55321	297.14501
469.30365	199.62077
470.05533	379.66761
470.80906	475.03061
471.55407	190.45833
472.31005	149.25533
473.06791	294.73892
473.81479	197.22671
474.56243	471.96945
475.3124	435.99548
476.05792	283.60198
476.81903	292.08918
477.56825	396.9141
478.32042	301.92259
479.07356	369.33301
479.82702	309.49359
480.57614	189.14395
481.33226	240.86747
482.07963	301.54215
482.83135	144.23732
483.58472	431.41807
484.34246	304.16078
485.09261	240.32834
485.84386	352.18759
486.5942	239.63311
487.34522	186.88568
488.09582	195.26817
488.84657	168.44062
489.59558	136.02618
490.35633	335.811
491.14432	160.74879
491.90366	250.38056
492.67116	159.64369
493.42866	172.50442
494.17877	273.44419
494.92855	322.57756
495.71487	149.76878
496.46426	318.61829
497.24738	196.14566
498.00703	237.87502
498.79115	272.13399
499.54539	425.97522
500.29724	136.81416
501.05213	310.75997
501.82347	343.78513
502.57413	248.64117
503.32434	88.96046
504.08009	257.77837
504.82758	192.13917
505.58533	282.70166
506.33869	253.99815
507.10044	214.10085
507.85634	251.59692
508.6048	226.01794
509.35668	401.18855
510.11395	173.30437
510.85942	136.36291
511.61119	222.7002
512.36129	248.30202
513.12393	266.16139
513.8839	325.77882
514.64527	231.29089
515.42167	326.34154
516.18291	317.26429
516.93478	234.04095
517.6854	380.46713
518.43939	327.85012
519.19692	299.21294
519.95026	201.54462
520.71001	121.14587
521.48835	149.94841
522.24462	370.86237
523.01722	229.81357
523.77034	350.63569
524.52583	305.1697
525.27673	237.32844
526.03623	271.70976
526.79732	226.41982
527.5407	332.15724
528.29969	203.02249
529.08815	237.14194
529.81227	243.0905
530.55267	298.50826
531.30207	259.4066
532.05253	335.63069
532.8049	221.17174
533.56078	223.05418
534.30692	213.74861
535.05555	329.30544
535.81341	144.26306
536.55876	207.01112
537.3059	184.42568
538.04913	269.50636
538.79238	247.49053
539.55071	349.89455
540.30351	369.18696
541.05846	135.76418
541.80588	129.27025
542.54554	429.6872
543.28474	228.7415
544.03498	287.39467
544.78573	222.22422
545.53783	428.58511
546.29435	256.01075
547.05319	394.82135
547.81134	271.2268
548.56421	312.3773
549.3193	256.33949
550.07192	263.66363
550.82254	326.6421
551.57579	250.23172
552.3584	258.60875
553.11455	469.90422
553.88917	343.76568
554.64714	154.55789
555.40742	407.24498
556.15989	220.72283
556.91103	238.07359
557.66962	343.40696
558.4319	345.94321
559.18389	83.78015
559.94598	70.48191
560.70035	169.50664
561.43713	188.22426
562.18437	175.61601
562.9317	282.59494
563.68262	264.75337
564.44083	297.70053
565.1917	204.71709
565.93733	195.2149
566.6866	319.05383
567.44047	340.97315
568.18719	200.94569
568.94131	280.8881
569.69683	312.68954
570.45795	314.80426
571.21206	282.36962
571.96544	281.99475
572.71691	222.9638
573.47853	403.41925
574.22977	205.98324
574.98804	317.11841
575.73413	198.84886
576.48376	126.26712
577.23875	229.60043
577.99274	200.80784
578.74699	171.03784
579.50126	67.98826
580.25714	242.57076
581.0215	269.50695
581.77009	262.79149
582.52611	352.06957
583.27659	162.59555
584.03773	250.96414
584.79736	247.65786
585.55985	278.26357
586.31494	223.64237
587.07556	366.8576
587.84918	9.78282
588.60705	51.42473
589.36095	59.97784
590.12419	345.76148
590.87779	212.45084
591.63316	248.89199
592.38465	157.006
593.13955	138.98265
593.89042	171.29003
594.64492	222.05479
595.41626	185.38971
596.16741	275.18247
596.98825	169.27627
597.74064	130.79394
598.48927	23.02431
599.23802	173.6124
599.9906	237.18169
600.74111	214.39395
601.49034	348.36972
602.24187	327.37756
602.99511	193.80257
603.75636	358.37273
604.50845	113.14686
605.25995	235.22806
606.03556	140.79268
606.78796	162.38128
607.53471	233.48109
608.29633	293.41506
609.04692	220.2759
609.80841	118.14619
610.55429	17.03009
611.30656	249.60075
612.09031	164.81134
612.84228	86.5391
613.59828	231.42522
614.35276	120.61731
615.10001	99.61352
615.85516	84.55803
616.59865	161.89447
617.3619	202.45915
618.11079	252.17049
618.86136	262.65176
619.61023	311.8372
620.37223	245.41058
621.1201	105.98877
621.87027	253.21279
622.62173	164.2938
623.37998	173.83708
624.12643	312.60085
624.8717	316.99028
625.6234	44.30696
626.36899	-57.01664
627.12235	52.09191
627.87558	146.41661
628.6292	274.53247
629.37842	260.52417
630.13843	240.027
630.88832	199.19394
631.64806	181.84431
632.41568	286.25741
633.16792	251.48905
633.92395	244.5802
634.67516	106.91703
635.44178	76.57357
636.19703	341.34194
636.96678	136.62002
637.72016	212.27045
638.47936	318.38433
639.23739	206.95006
639.9896	59.00761
640.73923	153.55584
641.49634	277.4038
642.24525	314.03218
642.99158	200.50682
643.74198	153.64509
644.50208	128.37532
645.25835	267.01856
646.00944	120.53022
646.76468	238.09172
647.52555	276.77444
648.2777	146.85848
649.02979	187.32072
649.78004	159.30869
650.5527	162.10049
651.31481	113.15291
652.07703	185.85242
652.83193	220.57932
653.60154	226.32944
654.36304	312.82806
655.11538	212.81878
655.87565	124.81887
656.62578	151.70869
657.38002	162.36166
658.12964	105.19838
658.87976	227.8216
659.63398	175.04884
660.38423	190.59595
661.13609	323.22412
661.89124	107.09396
662.65671	184.30862
663.40673	122.87459
664.15698	33.99258
664.9131	291.95271
665.66607	115.62232
666.42309	137.64289
667.17168	288.4453
667.92555	41.60541
668.67805	107.60744
669.43204	150.91899
670.18478	308.30825
670.93656	145.02969
671.68766	327.25937
672.43742	108.45944
673.18352	197.81066
673.94054	349.18716
674.69076	104.18584
675.44191	111.08703
676.19478	93.56861
676.94427	168.96552
677.69459	247.68764
678.44598	298.27066
679.19986	121.1408
679.95311	239.5359
680.71195	-20.79688
681.45787	333.85942
682.21771	181.86836
682.97068	135.2829
683.72659	2.08089
684.47147	303.2917
685.23042	210.95702
685.97406	181.79147
686.73006	105.21043
687.47796	124.49495
688.23117	137.05794
688.98254	280.03156
689.73681	140.20433
690.48734	179.99642
691.2469	142.75374
692.0023	298.7755
692.76552	115.55613
693.51254	216.71571
694.26267	135.08164
695.01191	232.18259
695.77413	309.979
696.52375	141.85489
697.26673	235.98008
698.01314	162.33337
698.77476	147.38588
699.54725	261.89925
700.30497	171.14049
701.06321	95.45734
701.81483	401.88265
702.56574	-6.90947
703.31673	172.10098
704.07547	256.44877
704.82572	146.97138
705.56843	116.04802
706.31531	225.37968
707.06881	195.247
707.82195	309.27564
708.58145	274.87319
709.33466	295.3316
710.0878	242.36969
710.8389	175.52955
711.58777	92.9658
712.34631	146.50448
713.10155	56.67673
713.84979	170.2777
714.60464	114.4912
715.351	13.72581
716.10088	149.818
716.85552	98.05896
717.60239	204.79618
718.3571	101.64563
719.10286	37.79197
719.85585	173.60832
720.61407	265.44433
721.35736	269.52809
722.11736	102.08081
722.86398	17.80283
723.61221	241.9552
724.35882	46.13622
725.11621	202.05442
725.86296	208.7225
726.62528	254.75852
727.3778	81.16078
728.12867	12.66241
728.87554	163.64393
729.63374	68.9705
730.38382	197.54109
731.1443	86.56518
731.89764	322.53577
732.65005	179.85881
733.40564	278.32228
734.15654	19.69564
734.90878	176.9152
735.6624	59.9438
736.416	82.58538
737.17564	181.71517
737.93298	216.57989
738.69438	154.456
739.43611	242.2349
740.18837	217.9995
740.97365	64.1412
741.72536	188.2319
742.49108	8.33754
743.25545	119.59839
744.0051	67.14949
744.75309	144.39458
745.51959	211.71554
746.27468	223.49131
747.02967	107.09422
747.78179	129.22965
748.53329	210.23128
749.28207	116.1561
750.03218	217.36455
750.79443	139.68091
751.5524	154.6627
752.30729	176.13817
753.05891	123.64929
753.81966	104.3476
754.57225	157.27098
755.3265	221.75472
756.08014	174.89372
756.83924	86.36631
757.60001	157.67502
758.35476	12.30013
759.10985	61.15879
759.86247	50.15339
760.63109	114.61756
761.3927	175.70992
762.14486	92.60232
762.90673	155.09423
763.65807	299.71892
764.40984	36.9327
765.16059	24.77192
765.92204	55.75322
766.67021	294.82925
767.42132	114.71519
768.17544	63.13423
768.93756	131.27265
769.68903	131.64581
770.4424	178.32773
771.19192	154.83346
771.95117	-4.8749
772.70964	83.72378
773.46076	165.15503
774.21163	116.5893
774.96112	121.36329
775.72252	137.63729
776.47252	-62.60175
777.22111	-88.42668
777.98385	240.60139
778.76835	77.55299
779.52447	75.81294
780.29337	213.09359
781.04274	-4.11111
781.79361	-36.76137
782.5487	207.57753
783.30385	172.9796
784.05881	-50.78084
784.83084	244.12247
785.59258	129.02548
786.36218	3.68005
787.11882	224.48488
787.89195	208.10571
788.65406	104.79823
789.40603	238.4042
790.16755	238.65244
790.92143	142.08333
791.68289	159.10565
792.44301	287.02666
793.19316	-6.53093
793.95188	106.29644
794.7034	44.21215
795.47537	183.37328
796.23277	44.51509
796.99361	7.68816
797.74938	-5.34361
798.49847	98.84423
799.25237	-25.58798
800.00409	-69.21186
800.75511	157.40471
801.51166	207.63949
802.23755	36.18126
802.98247	108.53954
803.74432	103.28293
804.49034	88.68011
805.23868	-13.35259
805.98719	140.41664
806.74942	196.88951
807.49745	170.05124
808.24469	69.82022
808.99054	220.2027
809.74053	107.5274
810.49206	203.43078
811.23465	208.72996
811.98503	163.23794
812.73979	127.06523
813.49975	125.58425
814.24695	5.08891
815.00765	77.38898
815.76111	49.12649
816.50564	72.88174
817.26251	154.67849
818.0237	69.22135
818.77497	97.62526
819.53396	180.21236
820.27761	-45.57583
821.03899	100.40394
821.78735	89.87125
822.5396	137.48863
823.29019	-45.73261
824.04934	137.04654
824.80693	75.80687
825.5603	-41.96785
826.3152	59.12543
827.06817	94.15282
827.83454	120.15715
828.59819	58.43094
829.35693	309.59983
830.11005	21.31033
830.8628	277.48884
831.62164	99.09378
832.37476	324.21227
833.13023	1.80981
833.88265	11.00806
834.632	70.45436
835.38102	121.37247
836.14389	273.78799
836.90051	198.02539
837.65201	165.09692
838.41198	173.87144
839.16772	288.07769
839.91784	247.95237
840.67546	53.3455
841.42661	-45.92354
842.17832	34.13969
842.92631	183.4226
843.67847	97.96854
844.43221	51.44588
845.18418	117.80715
845.95258	156.22254
846.71395	121.57408
847.48119	140.61279
848.24307	245.02093
848.99731	196.23028
849.75694	111.57055
850.50555	97.72963
851.25626	137.63283
852.00726	104.83539
852.76066	98.4023
853.51553	17.20168
854.27665	120.10532
855.03111	65.0805
855.78836	87.99165
856.54051	82.23955
857.29375	212.02018
858.0485	132.20481
858.79834	115.28401
859.55596	10.02745
860.30561	177.41974
861.0591	-13.65568
861.81498	88.81318
862.56572	152.8866
863.32384	223.90367
864.07556	176.25644
864.82871	118.39295
865.57946	13.65979
866.32855	103.33497
867.09182	100.76866
867.84231	87.99155
868.60265	72.92079
869.36002	-37.57906
870.10992	-56.9504
870.87242	50.23423
871.65591	-17.22053
872.41203	42.95472
873.16475	91.26545
873.92552	112.5637
874.67862	-107.61536
875.42764	20.27208
876.19688	89.05736
876.95561	110.08228
877.70372	163.87759
878.46087	170.5704
879.20609	127.28402
879.95686	74.5657
880.70321	126.82862
881.4651	-45.57108
882.22307	37.57431
882.97509	111.28911
883.72756	-47.10526
884.47381	26.24892
885.21958	37.82114
885.97045	134.54329
886.72648	114.82986
887.47379	152.3771
888.22756	76.95566
888.97202	169.62839
889.73181	142.30255
890.47629	94.91633
891.23643	137.55744
891.98264	163.82164
892.73636	-48.68573
893.48099	180.36547
894.22961	-47.16324
894.97352	135.23303
895.72414	-16.2005
896.47188	-235.86101
897.22748	139.82051
897.97822	76.49539
898.72687	69.31407
899.47486	86.21249
900.23023	-37.42247
901.00345	-36.57987
901.75497	114.00107
902.53269	72.50392
903.29246	92.95949
904.04121	125.72336
904.79205	26.12946
905.5518	217.24787
906.30754	67.17704
907.05953	98.21424
907.82156	50.9232
908.57666	175.97581
909.33552	71.23316
910.08877	166.77109
910.84001	135.92111
911.59614	-6.94341
912.34776	-25.07512
913.0975	48.74154
913.8495	-14.12223
914.59587	7.92163
915.34999	-119.27403
916.09289	31.05424
916.8395	-8.17153
917.58899	2.23975
918.33984	94.40409
919.08635	136.66368
919.84733	244.83728
920.5975	214.66655
921.34648	141.5429
922.09833	16.81952
922.84344	149.88961
923.59069	-13.36037
924.34729	6.91062
925.09664	-65.49506
925.84445	81.03428
926.59916	144.48867
927.35219	-25.81896
928.10137	-52.57145
928.85543	-35.79682
929.60467	137.99941
930.35401	-10.70188
931.10304	222.76666
931.85275	198.74201
932.60415	103.9117
933.37312	-66.26715
934.13274	62.85566
934.89176	48.6349
935.64363	21.04429
936.40772	124.18068
937.16498	169.43315
937.91562	42.42498
938.66771	238.51523
939.41771	220.72503
940.17773	87.45744
940.93848	76.90958
941.69907	198.81301
942.45997	-14.17841
943.21568	84.95381
943.99696	236.32671
944.75393	150.5378
945.50456	144.94687
946.26232	257.04962
947.04069	240.75839
947.79844	-69.57312
948.5504	20.66362
949.29967	236.69609
950.05001	258.49183
950.80663	84.13496
951.55726	76.57079
952.30988	286.57639
953.07102	188.282
953.82074	91.29654
954.57839	107.13653
955.32898	311.82443
956.07248	245.66993
956.83347	144.77932
957.58437	-23.36932
958.33387	99.64045
959.09136	69.75585
959.85011	-112.79274
960.60208	120.77967
961.35444	29.09431
962.0982	53.82908
962.85644	-68.51794
963.60044	107.51241
964.3472	148.07392
965.1024	49.50081
965.84744	131.2007
966.60703	135.35566
967.35306	-124.24539
968.11191	21.22706
968.8633	214.53415
969.60941	122.87903
970.3624	149.17263
971.12276	-40.67038
971.8774	116.81644
972.63213	96.47909
973.37662	204.62519
974.11975	37.25009
974.86876	44.07036
975.62136	48.97357
976.36863	108.88573
977.12573	36.75027
977.88438	66.13632
978.63862	104.27576
979.39033	5.99025
980.14779	83.8955
980.9047	149.4894
981.65897	77.74648
982.40546	-29.3054
983.17006	27.37282
983.9158	84.53778
984.67306	17.23909
985.41794	7.51683
986.16905	-75.58021
986.92056	-66.0146
987.67528	183.30516
988.43258	-126.30805
989.19967	231.81749
989.95088	19.18047
990.70879	-144.05774
991.45678	67.86174
992.20689	-41.71884
992.95614	76.34004
993.71699	-61.14779
994.46786	91.42101
995.22413	19.15851
995.97325	37.87822
996.72437	-3.90082
997.4865	-42.14384
998.23471	19.23405
998.98436	21.97397
999.73673	8.21726
1000.48507	86.71353
1001.24797	106.28039
1002.03117	31.9597
1002.79568	96.36726
1003.54993	28.55319
1004.30983	69.76398
1005.08904	97.05591
1005.85192	-164.01832
1006.60231	31.42165
1007.36068	-55.82392
1008.1263	96.39687
1008.87593	13.3716
1009.64713	60.10369
1010.40926	85.04431
1011.16091	47.23963
1011.92263	-19.95916
1012.67752	98.91961
1013.43214	0.60485
1014.18673	-31.47666
1014.94923	-45.82782
1015.7019	33.46248
1016.46613	-22.10523
1017.22122	77.70679
1017.98194	52.95708
1018.72761	49.54489
1019.48771	-8.72834
1020.2386	8.88166
1020.98857	16.11969
1021.74097	44.98843
1022.49559	48.90927
1023.24568	44.51862
1023.99617	-1.29427
1024.74545	42.72885
1025.50879	79.7591
1026.25144	32.99357
1027.01353	48.11463
1027.7603	-51.45559
1028.51967	58.92411
1029.26142	1.37769
1030.00851	11.84137
1030.75713	11.65588
1031.51137	-13.93321
1032.26224	171.42607
1033.02136	63.42165
1033.77024	12.47831
1034.52238	51.3298
1035.26635	1.76855
1036.01275	129.73997
1036.7671	-66.16164
1037.51421	-32.50007
1038.27282	147.81678
1039.01698	36.61287
1039.76684	78.27501
1040.52147	105.26987
1041.27807	-65.90748
1042.02921	28.91064
1042.78121	88.18171
1043.52867	-2.08896
1044.2877	-61.26751
1045.03629	-73.46917
1045.78756	51.80024
1046.5414	-69.50947
1047.2924	108.15438
1048.0404	81.90726
1048.79427	166.03135
1049.56204	-0.94751
1050.31316	28.41091
1051.078	92.35574
1051.84137	63.1659
1052.59677	-115.96231
1053.34649	121.06559
1054.08287	116.44753
1054.81486	25.6701
1055.55642	76.03776
1056.29462	-41.66389
1057.05146	-44.3716
1057.80136	165.66095
1058.55346	-31.04039
1059.2996	128.79783
1060.039	120.51921
1060.78347	12.12863
1061.54313	173.47085
1062.28268	210.6321
1063.02994	-95.5289
1063.76657	122.4759
1064.51231	24.92238
1065.25116	125.51592
1065.99668	-61.04938
1066.73627	67.01434
1067.4808	173.63327
1068.22392	19.21321
1068.97751	171.64551
1069.72001	-26.27104
1070.4648	-51.97375
1071.20064	-61.22673
1071.9529	-80.3857
1072.69635	-95.88726
1073.44201	96.73384
1074.1881	-48.38511
1074.93588	26.31685
1075.67235	-80.49409
1076.41462	-60.35142
1077.16987	145.00587
1077.90548	-56.00624
1078.64795	-9.38021
1079.39532	-10.40086
1080.13882	93.48748
1080.88521	6.3178
1081.63758	19.20288
1082.38058	162.22408
1083.12505	110.23712
1083.87985	-72.8755
1084.62494	158.90526
1085.38535	33.93528
1086.12818	1.89713
1086.87193	-53.12207
1087.61904	96.32297
1088.36092	47.53221
1089.10401	-21.21566
1089.84913	19.36522
1090.5919	-85.49405
1091.32965	245.67002
1092.07437	18.92892
1092.82772	-8.18076
1093.56761	23.123
1094.31071	130.75843
1095.05825	-47.19629
1095.80387	78.74059
1096.54447	26.24948
1097.29286	136.0792
1098.0382	98.68648
1098.78008	106.51707
1099.52247	132.01843
1100.27609	96.4495
1101.03184	-205.18573
1101.7908	-128.69038
1102.53301	54.79618
1103.28545	117.92007
1104.03245	16.78101
1104.78006	-30.43174
1105.53791	14.9117
1106.28953	-81.63969
1107.03778	102.30787
1107.80577	96.69867
1108.54892	56.37414
1109.30928	17.1664
1110.06104	27.12089
1110.81165	-11.8914
1111.55975	23.89039
1112.313	44.48575
1113.06049	66.49754
1113.82201	16.5381
1114.56901	3.18355
1115.3276	157.29391
1116.07922	88.03647
1116.84383	98.1506
1117.6007	60.99926
1118.35273	-3.03372
1119.10182	92.72497
1119.86384	142.16017
1120.6057	41.20821
1121.35019	48.44764
1122.09817	37.4811
1122.8442	4.3968
1123.59843	41.56326
1124.34279	-74.91343
1125.09701	41.89934
1125.83555	16.95342
1126.57977	93.998
1127.32205	-83.26065
1128.06929	71.45355
1128.81501	-124.55657
1129.56438	-9.51337
1130.30713	85.26221
1131.04474	70.87571
1131.7904	-21.70379
1132.54239	-6.22386
1133.28315	18.32879
1134.0205	68.41272
1134.76798	-3.9078
1135.51797	135.93279
1136.26575	-42.33038
1137.00936	-74.25301
1137.75293	-111.33965
1138.48995	14.3883
1139.23354	-92.85521
1139.96997	21.02331
1140.71409	89.41681
1141.46833	147.77536
1142.22133	-99.94892
1142.96767	-40.40326
1143.71412	132.87853
1144.45829	0.69513
1145.20568	-150.80019
1145.94816	-27.02584
1146.69317	105.95722
1147.43877	-45.24182
1148.19005	-19.24333
1148.93099	59.83195
1149.66565	48.06112
1150.41251	21.98093
1151.15137	-122.01908
1151.89236	196.0221
1152.63376	-10.26655
1153.37747	87.67754
1154.12075	-16.1724
1154.86775	105.83342
1155.61197	12.40493
1156.36721	62.08598
1157.11058	140.4753
1157.85457	-74.98922
1158.59921	94.02039
1159.34684	10.11151
1160.09282	53.30547
1160.83243	149.31991
1161.5732	-108.7143
1162.31679	32.05003
1163.06082	102.18152
1163.80469	133.59228
1164.54956	-36.62053
1165.29153	-76.81673
1166.04255	-43.5785
1166.78852	-90.79907
1167.53279	-97.99674
1168.27854	19.25764
1169.02666	-50.9388
1169.76838	-102.31798
1170.51362	32.21156
1171.25478	-69.92789
1171.99286	58.74696
1172.73296	133.91778
1173.46913	54.25372
1174.22216	-50.9666
1174.96422	-27.91439
1175.71022	46.06216
1176.45108	-21.23367
1177.20336	-45.46372
1177.9456	77.22984
1178.69585	88.5284
1179.44006	112.57641
1180.18371	49.02911
1180.9978	41.70706
1181.74995	56.76613
1182.49105	-198.82183
1183.23844	31.29158
1183.99228	98.22753
1184.73603	85.22824
1185.47453	-211.85948
1186.21917	-18.90308
1186.9578	-21.80685
1187.69641	36.47151
1188.44138	119.37944
1189.19153	25.38534
1189.93616	-13.75105
1190.6734	24.69841
1191.41268	6.59674
1192.15926	-20.88517
1192.90948	23.9749
1193.64688	15.09158
1194.40351	-27.53514
1195.14349	-34.92586
1195.89946	52.8115
1196.64198	-75.36357
1197.38908	-20.37756
1198.1487	50.57505
1198.90344	-97.34499
1199.64696	74.67467
1200.39296	1.54136
1201.14595	68.2734
1201.89155	103.0986
1202.67154	77.05089
1203.42019	-22.89653
1204.17556	129.94728
1204.92516	60.31788
1205.68392	-73.95452
1206.43601	-177.54451
1207.17901	-31.56944
1207.92139	-34.44346
1208.65888	-47.83161
1209.40465	65.8107
1210.15213	64.2559
1210.89212	41.82423
1211.62647	86.92709
1212.3631	-112.60379
1213.10311	23.79447
1213.84125	75.26764
1214.58669	-39.67614
1215.32521	-5.49243
1216.06545	-41.27163
1216.80595	13.57163
1217.56007	122.17845
1218.32435	-27.8308
1219.07784	64.21474
1219.86156	-4.42883
1220.61605	5.55161
1221.3787	-24.98912
1222.12442	54.38513
1222.89644	18.26232
1223.64169	64.87622
1224.38304	35.85148
1225.1214	96.01517
1225.85975	47.58012
1226.59702	-88.25833
1227.34338	150.82461
1228.08063	-53.70559
1228.82553	112.39878
1229.57215	-48.8968
1230.32139	70.78439
1231.06661	73.01155
1232.00389	-39.10976
1232.75288	34.64984
1233.48734	180.72929
1234.22647	30.55498
1234.96999	-114.93542
1235.71474	67.06433
1236.45248	-6.59395
1237.19195	-113.37614
1237.93895	145.14836
1238.67694	203.60283
1239.42146	8.50846
1240.1567	22.73182
1240.89683	-147.18858
1241.65305	118.68369
1242.39894	27.76155
1243.16869	-126.71262
1243.91593	-27.13719
1244.65016	-17.32012
1245.38855	-102.66642
1246.13493	-2.94856
1246.87366	168.42246
1247.62079	-196.54759
1248.36103	-2.84849
1249.11388	0.29182
1249.85652	-66.09573
1250.60014	29.20152
1251.35124	68.67727
1252.10408	123.86437
1252.84175	-60.14121
1253.58935	53.03815
1254.33524	162.5312
1255.07636	-41.85987
1255.82058	28.92535
1256.57573	73.5412
1257.32335	0.69581
1258.07609	-119.23014
1258.81984	-26.3749
1259.57055	102.15881
1260.3268	-76.89709
1261.07355	-37.32424
1261.8207	95.69543
1262.57581	-5.85304
1263.33603	-68.58641
1264.07278	31.05637
1264.80593	24.63312
1265.54553	-56.73646
1266.28814	192.09812
1267.03241	-56.60046
1267.77239	10.76093
1268.511	-46.49427
1269.25901	-18.66815
1269.99877	-44.71135
1270.74451	-21.80209
1271.49051	63.30735
1272.23413	-33.33169
1272.97634	-76.0204
1273.72124	-45.4529
1274.47508	78.91734
1275.22835	97.03914
1275.96961	-4.60153
1276.72472	79.11928
1277.47094	-48.32424
1278.22582	-27.76647
1279.01443	-108.57335
1279.76908	-53.24065
1280.51658	-126.7772
1281.26632	71.27719
1282.00991	7.13252
1282.75329	82.9
1283.5309	-66.41734
1284.28355	111.5177
1285.0313	-14.30003
1285.77729	-35.29066
1286.55713	53.35538
1287.29927	-22.07456
1288.03164	-47.59636
1288.7689	-87.08064
1289.50648	-0.4327
1290.24364	122.74397
1290.99059	-57.59368
1291.7316	91.10068
1292.47862	24.33558
1293.22522	-5.90103
1293.97412	-18.55419
1294.72849	85.2352
1295.48224	-9.79199
1296.2242	82.40985
1296.97932	-68.52327
1297.72283	-188.05733
1298.46556	-136.54397
1299.24083	-24.6338
1299.99095	98.94363
1300.72804	47.92405
1301.46804	-36.02177
1302.20467	-101.70335
1302.95819	160.83775
1303.69658	148.64759
1304.43315	-21.41981
1305.18025	-26.1011
1305.91851	139.66133
1306.67304	107.27553
1307.41903	-34.10906
1308.16353	-109.77401
1308.90477	-19.21925
1309.65027	-24.70308
1310.40566	112.00163
1311.15451	-98.3203
1311.90238	-230.07975
1312.65313	17.09363
1313.39548	-124.64391
1314.14058	44.34725
1314.88109	118.76238
1315.61748	42.62491
1316.36243	-23.80567
1317.09969	24.75573
1317.8387	-213.20383
1318.58147	145.80815
1319.31078	-20.38322
1320.04942	152.30378
1320.79895	89.91834
1321.54669	64.23113
1322.28956	-89.17179
1323.04303	32.92674
1323.79015	-12.89558
1324.52964	7.19388
1325.27729	53.22343
1326.02501	32.6322
1326.77716	115.49568
1327.51975	24.99839
1328.26302	180.47239
1329.01963	196.55114
1329.76286	180.76228
1330.50075	48.15843
1331.24826	-91.11126
1331.99644	189.98737
1332.73537	-48.59336
1333.47572	-28.17506
1334.22086	30.80776
1334.96974	62.56286
1335.70857	131.31784
1336.45597	-1.00887
1337.20156	-4.80367
1337.95518	40.57709
1338.6958	-5.9061
1339.4492	-100.88943
1340.1917	13.17679
1340.93879	-66.03519
1341.70216	156.6064
1342.45143	41.40304
1343.2303	41.1376
1343.9834	3.56765
1344.7314	-73.2349
1345.47364	-57.08809
1346.21864	-241.43071
1346.96788	184.05114
1347.71189	68.59826
1348.44952	-40.34509
1349.19359	32.6445
1349.93062	-53.82198
1350.68498	21.24271
1351.43213	31.95895
1352.17675	69.27921
1352.91885	11.94952
1353.66449	-163.84434
1354.40987	-171.54819
1355.15358	-84.27752
1355.91632	39.72442
1356.66844	14.58844
1357.42872	-124.24733
1358.17296	-14.78443
1358.92033	160.61592
1359.67642	-96.24166
1360.42669	34.70672
1361.16972	129.60683
1361.92316	-75.98597
1362.66543	-132.35434
1363.45502	-59.4779
1364.21117	-79.816
1364.97567	10.11798
1365.71876	59.53945
1366.47041	34.37132
1367.22553	-10.82491
1367.9829	-143.82878
1368.72539	38.82703
1369.46375	-102.059
1370.20186	-139.12179
1370.94388	-30.34147
1371.69485	97.56849
1372.43832	-79.50121
1373.18359	-23.55176
1373.91996	-8.88783
1374.67333	77.53224
1375.41972	81.6867
1376.1571	-157.84656
1376.90607	-76.59445
1377.65484	61.30487
1378.39407	-63.49032
1379.1387	90.95359
1379.89217	107.64602
1380.62832	-113.69021
1381.37679	122.11154
1382.11503	41.9652
1382.85604	-17.1702
1383.60214	104.1425
1384.34467	185.67565
1385.08654	-57.48337
1385.83751	-17.63748
1386.57663	131.91503
1387.31928	-29.27572
1388.05515	9.00589
1388.79849	-91.81365
1389.54474	-42.75333
1390.28735	-169.69316
1391.03211	-88.68343
1391.7695	-12.29457
1392.51293	-24.57212
1393.25336	21.54003
1393.99835	-28.4012
1394.74045	-16.57218
1395.48272	-157.83348
1396.22594	13.37768
1396.96743	106.89112
1397.73133	-112.92957
1398.47958	56.36356
1399.23682	2.54868
1399.98854	68.3331
1400.72895	66.22851